accuracy,auc,loss,val_accuracy,val_auc,val_loss,epoch
0.368314653635025,0.5256266593933105,0.8953465223312378,0.9824236631393433,0.5007946491241455,0.09567829221487045,1
