accuracy,auc,loss,val_accuracy,val_auc,val_loss,epoch
0.8902756571769714,0.5204838514328003,0.3673597574234009,0.9795750379562378,0.46915102005004883,0.10558919608592987,1
